path,homepageSection,homePageLink,businessType,propertyType,category,location,bedrooms,minPrice,maxPrice,title,numberProperties,h1,metadescription,descriptionH1,keywords
/en/rent/apartments-for-rent-in-dubai,Top Searches in Dubai,Apartments for Rent in Dubai,rent,APT,0,dubai,,,,Apartments to rent in Dubai | 3129 Apartments for rent in Dubai UAE,1678,Apartments for rent in Dubai UAE,"Might it be said that you are searching a property for rent in Dubai? Observe an apartments or villas or commercial space of your decision, we offer a wide scope of residential properties. Reach us Now !","Apartments to Rent in Dubai UAE. Rent Residential Properties in UAE : 1 Bedroom, Flats, Duplexes, Lofts, Penthouses, Studios, Full Floors…","apartments to rent in Dubai, apartments for rent in business bay, apartments for rent in Dubai land, house for rent in Dubai, apartment for rent in downtown Dubai, apartments to rent in Dubai marina"
/en/rent/1-bedroom-apartment-for-rent-in-dubai,Top Searches in Dubai,1 Bedroom Apartment for Rent in Dubai,rent,APT,0,dubai,1,,,1 Bedroom Apartment for Rent in Dubai | zeekeez.com,1678,1-Bedroom Apartments for rent in Dubai UAE,"1 Bedrooms Apartments to Rent in Dubai UAE. Rent Residential Properties in UAE : Flats, Duplexes, Lofts, Penthouses, Studios, 1 Bedroom, Full Floors…",,
/en/rent/apartments-for-rent-in-business-bay,Top Searches in Dubai,Apartments for Rent in Business Bay,rent,APT,0,dubai-business-bay,,,,Apartments Flats for Rent in Business Bay | zeekeez.com,140,Apartments for rent in Business Bay Dubai UAE,"Apartments to Rent in Business Bay Dubai UAE. Rent Residential Properties in UAE : Flats, Duplexes, Lofts, Penthouses, Studios, 1 Bedroom, Full Floors…",,
/en/rent/apartments-for-rent-in-palm-jumeirah,Top Searches in Dubai,Apartments for Rent in Palm jumeirah,rent,APT,0,dubai-palm-jumeirah,,,,Apartments Flats for Rent in Palm Jumeirah| zeekeez.com,68,Apartments for rent in Palm Jumeirah Dubai UAE,"Apartments to Rent in Palm Jumeirah Dubai UAE. Rent Residential Properties in UAE : Flats, Duplexes, Lofts, Penthouses, Studios, 1 Bedroom, Beach view…",,
/en/sale/apartments-for-sale-in-dubai,Top Searches in Dubai,Apartments for Sale in Dubai,sale,APT,0,dubai,,,,Apartments for sale in Dubai | 7004 Apartments for sale in Dubai UAE| Zeekeez,3556,Apartments for sale in Dubai UAE,"Luxury apartments for sale in Dubai. Fully furnished handover soon 1,2,3,4 bedroom apartments, penthouse, studio, duplex, villas. Kindly get in touch with us.",,"apartments for sale in Dubai silicon oasis, apartments for sale in Dubai, apartments for sale in Dubai hills estate"
/en/sale/apartments-for-sale-in-business-bay,Top Searches in Dubai,Apartments for Sale in Business Bay,sale,APT,0,dubai-business-bay,,,,Apartments Flats for Sale in Business Bay | zeekeez.com,307,Apartments for sale in Business Bay Dubai UAE,"Apartments for Sale in Business Bay Dubai UAE. Buy Sell Residential Properties in UAE : 1 Bedroom, Flats, Duplexes, Lofts, Penthouses, Studios, Full Floors…",,
/en/sale/apartments-for-sale-in-palm-jumeirah,Top Searches in Dubai,Apartments for Sale in Palm jumeirah,sale,APT,0,dubai-palm-jumeirah,,,,Apartments Flats for Sale in Palm Jumeirah| zeekeez.com,255,Apartments for sale in Palm Jumeirah Dubai UAE,"Apartments for Sale in Palm Jumeirah Dubai UAE. Buy Sell Residential Properties in UAE : Flats, Duplexes, Lofts, Penthouses, Studios, 1 Bedroom, Full Floors…",,
/en/rent/villas-for-rent-in-dubai,Top Searches in Dubai,Villas for Rent in Dubai,rent,VIL,0,dubai,,,,Villas for Rent in Dubai | zeekeez.com,219,Villas for rent in Dubai UAE,"Villas to Rent in Dubai UAE. Rent Residential Properties in UAE : Villas, Houses, Homes, Townhouses…",,
/en/rent/villas-for-rent-in-palm-jumeirah,Top Searches in Dubai,Villas for Rent in Palm jumeirah,rent,VIL,0,dubai-palm-jumeirah,,,,Villas for Rent in Palm Jumeirah| zeekeez.com,4,Villas for rent in Palm Jumeirah Dubai UAE,"Villas to Rent in Palm Jumeirah Dubai UAE. Rent Residential Properties in UAE : Villas, Houses, Homes, Townhouses, Beach views, Private pool…",,
/en/sale/villas-for-sale-in-dubai,Top Searches in Dubai,Villas for Sale in Dubai,sale,VIL,0,dubai,,,,Villas for Sale in Dubai | zeekeez.com,219,Villas for sale in Dubai UAE,"Villas for Sale in Dubai UAE. Buy Sell Residential Properties in UAE : Villas, Houses, Homes, Townhouses…",,
/en/sale/villas-for-sale-in-palm-jumeirah,Top Searches in Dubai,Villas for Sale in Palm jumeirah,sale,VIL,0,dubai-palm-jumeirah,,,,Villas for Sale in Palm Jumeirah| zeekeez.com,15,Villas for sale in Palm Jumeirah Dubai UAE,"Villas for Sale in Palm Jumeirah Dubai UAE. Buy Sell Residential Properties in UAE : Villas, Houses, Homes, Townhouses, Beach views, Private pool…",,
/en/rent/houses-for-rent-in-dubai,Top Searches in Dubai,Houses for Rent in Dubai,rent,VIL,0,dubai,,,,Houses for rent in Dubai cheap | Houses for rent in Dubai UAE,219,Houses for rent in Dubai UAE,"Reasonable property accessible in Dubai at staggering costs. Look at Now. Multiple options is available here houses, apartments, villas, flats, townhouses, beach views.",,"Houses for rent in Dubai Cheap, townhomes for rent in Dubai, villas to rent in Sharjah, apartment for rent in Abu Dhabi"
/en/rent/houses-for-rent-in-palm-jumeirah,Top Searches in Dubai,Houses for Rent in Palm jumeirah,rent,VIL,0,dubai-palm-jumeirah,,,,Houses for Rent in Palm Jumeirah| zeekeez.com,4,Houses for rent in Palm Jumeirah Dubai UAE,"Houses to Rent in Palm Jumeirah Dubai UAE. Rent Residential Properties in UAE : Villas, Houses, Homes, Townhouses, Beach views…",,
/en/sale/houses-for-sale-in-dubai,Top Searches in Dubai,Houses for Sale in Dubai,sale,VIL,0,dubai,,,,Houses for Sale in Dubai | zeekeez.com,219,Houses for sale in Dubai UAE,"Houses for Sale in Dubai UAE. Buy Sell Residential Properties in UAE : Villas, Houses, Homes, Townhouses, Beach views…",,
/en/sale/houses-for-sale-in-palm-jumeirah,Top Searches in Dubai,House for Sale in Palm jumeirah,sale,VIL,0,dubai-palm-jumeirah,,,,Houses for Sale in Palm Jumeirah| zeekeez.com,15,Houses for sale in Palm Jumeirah Dubai UAE,"Houses for Sale in Palm Jumeirah Dubai UAE. Buy Sell Residential Properties in UAE : Villas, Houses, Homes, Townhouses, Beach views…",,
/en/rent/apartments-for-rent-in-abu-dhabi,Popular areas in Abu Dhabi,Apartment for Rent in Abu Dhabi,rent,APT,0,abu-dhabi,,,,Apartments Flats for Rent in Abu Dhabi | zeekeez.com,1678,Apartments for rent in Abu Dhabi UAE,"Apartments to Rent in Abu Dhabi UAE. Rent Residential Properties in UAE : Flats, Duplexes, Lofts, Penthouses, Studios, 1 Bedroom, Full Floors…",,
/en/sale/apartments-for-sale-in-abu-dhabi,Popular areas in Abu Dhabi,Apartment for Sale in Abu Dhabi,sale,APT,0,abu-dhabi,,,,Apartments Flats for Sale in Abu Dhabi | zeekeez.com,1678,Apartments for sale in Abu Dhabi UAE,"Apartments for Sale in Abu Dhabi UAE. Buy Sell Residential Properties in UAE : Flats, Duplexes, Lofts, Penthouses, Studios, 1 Bedroom, Full Floors…",,
/en/rent/villas-for-rent-in-abu-dhabi,Popular areas in Abu Dhabi,Villas for Rent in Abu Dhabi,rent,VIL,0,abu-dhabi,,,,Villas for Rent in Abu Dhabi | zeekeez.com,1678,Villas for rent in Abu Dhabi UAE,"Villas to Rent in Abu Dhabi UAE. Rent Residential Properties in UAE :Villas, Houses, Homes, Townhouses, Beach views, Private pool…",,
/en/sale/villas-for-sale-in-abu-dhabi,Popular areas in Abu Dhabi,Villas for Sale in Abu Dhabi,sale,VIL,0,abu-dhabi,,,,Villas for Sale in Abu Dhabi | zeekeez.com,1678,Villas for sale in Abu Dhabi UAE,"Villas for Sale in Abu Dhabi UAE. Buy Sell Residential Properties in UAE : Villas, Houses, Homes, Townhouses, Beach views, Private pool…",,
/en/rent/properties-for-rent-in-dubai,Trending areas in Dubai,Properties for Rent in Dubai,rent,,,dubai,,,,Properties for Rent in Dubai | zeekeez.com,1678,Properties for rent in Dubai UAE,"Properties to Rent in Dubai UAE. Rent Residential Properties in UAE : Apartments, Villas, Flats, Duplexes, Lofts, Penthouses, Studios, 1 Bedroom, Full Floors…",,
/en/sale/properties-for-sale-in-dubai,Trending areas in Dubai,Properties for Sale in Dubai,sale,,0,dubai,,,,Properties for Sale in Dubai | zeekeez.com,1678,Properties for sale in Dubai,"Properties for Sale in Dubai UAE. Buy Sell Residential Properties in UAE : Apartments, Villas, Flats, Duplexes, Lofts, Penthouses, Studios, 1 Bedroom, Full Floors…",,
/en/rent/apartments-for-rent-in-dubai-marina,Trending areas in Dubai,Apartment for Rent in Dubai Marina,rent,APT,0,dubai-dubai-marina,,,,Apartments Flats for Rent in Dubai Marina | zeekeez.com,1678,Apartments for rent in Dubai Marina UAE,"Apartments to Rent in Dubai Marina UAE. Rent Residential Properties in UAE : Flats, Duplexes, Lofts, Penthouses, Studios, 1 Bedroom, Sea view…",,
/en/rent/apartments-for-rent-in-downtown-dubai,Trending areas in Dubai,Apartments for Rent in Downtown Dubai,rent,APT,0,dubai-downtown-dubai,,,,Apartments Flats for Rent in Downtown Dubai | zeekeez.com,1678,Apartments for rent in Downtown Dubai UAE,"Apartments to Rent in Downtown Dubai UAE. Rent Residential Properties in UAE : Flats, Duplexes, Lofts, Penthouses, Studios, 1 Bedroom, Burj view…",,
/en/sale/apartments-for-sale-in-dubai-marina,Trending areas in Dubai,Apartment for Sale in Dubai Marina,sale,APT,0,dubai-dubai-marina,,,,Apartments Flats for Sale in Dubai Marina | zeekeez.com,1678,Apartments for sale in Dubai Marina UAE,"Apartments for Sale in Dubai Marina UAE. Buy Sell Residential Properties in UAE : Flats, Duplexes, Lofts, Penthouses, Studios, 1 Bedroom, Full Floors…",,
/en/sale/apartments-for-sale-in-downtown-dubai,Trending areas in Dubai,Apartment for Sale in Downtown Dubai,sale,APT,0,dubai-downtown-dubai,,,,Apartments Flats for Sale in Downtown Dubai | zeekeez.com,1678,Apartments for sale in Downtown Dubai UAE,"Apartments for Sale in Downtown Dubai UAE. Buy Sell Residential Properties in UAE : Flats, Duplexes, Lofts, Penthouses, Studios, 1 Bedroom, Full Floors…",,
/en/rent/properties-for-rent-in-uae,Popular searches in UAE,Properties for Rent in UAE,rent,,,,,,,Properties for Rent in UAE | zeekeez.com,1678,Properties for rent in UAE,"Properties to Rent in UAE. Rent Residential Properties in UAE : Apartments, Villas, Flats, Duplexes, Lofts, Penthouses, Studios, 1 Bedroom, Full Floors…",,
/en/sale/properties-for-sale-in-uae,Popular searches in UAE,Properties for Sale in UAE,sale,,,,,,,Properties for Sale in UAE | zeekeez.com,1678,Properties for sale in UAE,"Properties for Sale in UAE. Buy Sell Residential Properties in UAE : Apartments, Villas, Flats, Duplexes, Lofts, Penthouses, Studios, 1 Bedroom, Full Floors…",,
/en/rent/apartments-for-rent-in-uae,Popular searches in UAE,Apartment for Rent in UAE,rent,APT,0,,,,,Apartments Flats for Rent in UAE | zeekeez.com,1678,Apartments for rent in UAE,"Apartments to Rent in UAE. Rent Residential Properties in UAE : Flats, Duplexes, Lofts, Penthouses, Studios, 1 Bedroom, Full Floors…",,
/en/sale/apartments-for-sale-in-uae,Popular searches in UAE,Apartment for Sale in UAE,sale,APT,0,,,,,Apartments Flats for Sale in UAE | zeekeez.com,1678,Apartments for sale in UAE,"Apartments for Sale in UAE. Buy Sell Residential Properties in UAE : Flats, Duplexes, Lofts, Penthouses, Studios, 1 Bedroom, Full Floors…",,
/en/rent/villas-for-rent-in-uae,Popular searches in UAE,Villas for Rent in UAE,rent,VIL,0,,,,,Villas for rent in UAE | Villa for rent in Dubai |Properties find at Zeekeez,4266,Villas for rent in UAE,"4266 Villas for rent in UAE on zeekeez.com. Spacious units, fully upgraded, affordable ready to move easy payment options. Now find world class properties here. ",,"villa for rent in Dubai, villa for rent in the palm Jumeirah, villas to rent in Abu Dhabi, villas for rent in UAE, villas for rent in Abu Dhabi, villas for rent in Dubai investment park"
/en/sale/villas-for-sale-in-uae,Popular searches in UAE,Villas for Sale in UAE,sale,VIL,0,,,,,Villas for Sale in UAE | zeekeez.com,1678,Villas for sale in UAE,"Villas for Sale in UAE. Buy Sell Residential Properties in UAE : Villas, Houses, Homes, Townhouses, Beach views, Private pool…",,
/en/rent/lands-for-rent-in-uae,Popular searches in UAE,Land for Rent in UAE,rent,LAN,1,,,,,Lands for Rent in UAE | zeekeez.com,1678,Lands for rent in UAE,"Lands to Rent in UAE. Rent Residential Properties in UAE : Villas, Houses, Homes, Townhouses, Beach views, Land…",,
/en/sale/lands-for-sale-in-uae,Popular searches in UAE,Land for Sale in UAE,sale,LAN,1,,,,,Lands for Sale in UAE | zeekeez.com,1678,Lands for sale in UAE,"Lands for Sale in UAE. Buy Sell Residential Properties in UAE : Flats, Duplexes, Lofts, Penthouses, Studios, 1 Bedroom, Land…",,
/en/rent/studios-for-rent-in-uae,Popular searches in UAE,Studio for Rent in UAE,rent,,,,0,,,Studios for Rent in UAE | zeekeez.com,1678,Studio for rent in UAE,"Studios to Rent in UAE. Rent Residential Properties in UAE : 1 Bedroom, Flats, Duplexes, Lofts, Penthouses, Studios...",,
/en/sale/studios-for-sale-in-uae,Popular searches in UAE,Studio for Sale in UAE,sale,,,,0,,,Studios for Sale in UAE | zeekeez.com,1678,Studio for sale in UAE,"Studiosfor Sale in UAE. Buy Sell Residential Properties in UAE : 1 Bedroom, Flats, Duplexes, Lofts, Penthouses, Studios…",,
/en/rent/houses-for-rent-in-uae,Popular searches in UAE,House for Rent in UAE,rent,VIL,0,,,,,Houses for Rent in UAE | zeekeez.com,1678,Houses for rent in UAE,"Houses to Rent in UAE. Rent Residential Properties in UAE : Villas, Houses, Homes, Townhouses, Beach views, Private pool…",,
/en/sale/houses-for-sale-in-uae,Popular searches in UAE,House for Sale in UAE,sale,VIL,0,,,,,Houses for Sale in UAE | zeekeez.com,1678,Houses for sale in UAE,"Houses for Sale in UAE. Buy Sell Residential Properties in UAE : Villas, Houses, Homes, Townhouses, Beach views, Private pool…",,
/en/rent/luxury-properties-for-rent-in-uae,Popular searches in UAE,Luxury Properties for Rent in UAE,rent,,,,,500000,Any,Luxury Properties for Rent in UAE | zeekeez.com,1678,Luxury Properties for rent in UAE,"Luxury Properties to Rent in UAE. Rent Residential Properties in UAE : Apartments, Flats, Duplexes, Lofts, Penthouses, Studios, Villas, Full Floors…",,
/en/sale/luxury-properties-for-sale-in-uae,Popular searches in UAE,Luxury Properties for Sale in UAE,sale,,,,,10000000,Any,Luxury Properties for Sale in UAE | zeekeez.com,1678,Luxury Properties for sale in UAE,"Luxury Properties for sale in UAE. Buy Sell Commercial Properties in UAE : Apartments, Flats, Duplexes, Lofts, Penthouses, Studios, Villas, Full Floors…",,
/en/rent/commercial-for-rent-in-uae,Popular searches in UAE,Commercial for Rent in UAE,rent,WAR,1,,,,,Commercial for Rent in UAE | zeekeez.com,1678,Commercial for rent in UAE,"Commercial to Rent in UAE. Rent Commercial Properties in UAE : Offices, Stores, Retails, Warehouses, Full floors…",,
/en/sale/commercial-for-sale-in-uae,Popular searches in UAE,Commercial for Sale in UAE,sale,WAR,1,,,,,Commercial for Sale in UAE | zeekeez.com,1678,Commercial for sale in UAE,"Commercial for Sale in UAE. Buy Sell Commercial Properties in UAE : Offices, Stores, Retails, Warehouses, Full floors…",,
/en/rent/property-for-rent-in-uae,Popular searches in UAE,Property for Rent in UAE,rent,,,,,,,Property for Rent in UAE | zeekeez.com,1678,Property for rent in UAE,"Property to Rent in UAE. Rent Residential Properties in UAE : Apartments, Flats, Villas, Duplexes, Lofts, Penthouses, Studios, 1 Bedroom, Full Floors…",,
/en/sale/property-for-sale-in-uae,Popular searches in UAE,Property for Sale in UAE,sale,,,,,,,Property for Sale in UAE | zeekeez.com,1678,Property for sale in UAE,"Property for Sale in UAE. Buy Sell Residential Properties in UAE : Apartments, Flats, Villas, Duplexes, Lofts, Penthouses, Studios, 1 Bedroom, Full Floors…",,
/en/rent/stores-for-rent-in-dubai,Top Searches Commercial in Dubai,Studio for Rent in Dubai,rent,,,dubai,0,,,Studio for rent in Dubai monthly | 3129 Stores for rent in Dubai UAE |Zeekeez.com,3129,Stores for rent in Dubai UAE,"See Studio Apartments for rent in Dubai monthly with zeekeez.com browse from our 3129 properties. Well maintained, brand new, bright and spacious, close to metro.",,"properties for rent in Dubai, apartment to rent in Dubai marina, studio for rent in Dubai monthly, apartment to rent in Dubai marina"
/en/sale/stores-for-sale-in-dubai,Top Searches Commercial in Dubai,Studio for Sale in Dubai,sale,,,dubai,0,,,Stores for Sale in Dubai | zeekeez.com,1678,Stores for sale in Dubai UAE,"Stores for Sale in Dubai UAE. Buy Sell Commercial Properties in Dubai : Stores, Retails, popup stores…",,
/en/rent/commercial-for-rent-in-dubai,Top Searches Commercial in Dubai,Commercial for Rent in Dubai,rent,WAR,1,dubai,,,,Commercial Properties for Rent in Dubai | zeekeez.com,1678,Commercial for rent in Dubai UAE,"Commercial to Rent in Dubai UAE. Rent Commercial Properties in Dubai : Offices, Stores, Retails, Warehouses, Full floors…",,
/en/sale/commercial-for-sale-in-dubai,Top Searches Commercial in Dubai,Commercial for Sale in Dubai,sale,WAR,1,dubai,,,,Cheapest Commercial property for sale in Dubai | Properties for sale in the UAE ,1678,Commercial for sale in Dubai UAE,"Check commercial properties for sale in Dubai UAE. Use our property finder portal zeekeez.com and select best office for your teams. Verified properties, brand new, best location, ready to use.",,"Commercial property for sale in Dubai, properties for sale in the UAE ,apartments for sale in Dubai hills estate"
/en/rent/offices-for-rent-in-dubai,Top Searches Commercial in Dubai,Office for Rent in Dubai,rent,OFF,1,dubai,,,,"Affordable Office on rent in Dubai, UAE |Office space for rent in Dubai-Zeekeez",3129,Offices for rent in Dubai UAE,"3129 Offices for rent in Dubai UAE, Completely outfitted adjusted workplaces are accessible for rent in Dubai. Book your office for rent in Dubai outfitted with all cutting edge office conveniences.",,"Offices for rent in Dubai UAE, office space for rent in Dubai, office on rent in Dubai"
/en/sale/offices-for-sale-in-dubai,Top Searches Commercial in Dubai,Office for Sale in Dubai,sale,OFF,1,dubai,,,,Offices for Sale in Dubai | zeekeez.com,1678,Offices for sale in Dubai UAE,"Offices for Sale in Dubai UAE. Buy Sell Commercial Properties in Dubai : Office, Full Floor, Full Building...",,